epoch,acc,loss,lr,val_acc,val_loss
0,0.0,1.41755473614,0.001,0.5,8.725505054
